<?xml version="1.0" encoding="UTF-8"?>
<config xmlns="http://www.knime.org/2008/09/XMLConfig" xmlns:xsi="http://www.w3.org/2001/XMLSchema-instance" xsi:schemaLocation="http://www.knime.org/2008/09/XMLConfig http://www.knime.org/XMLConfig_2008_09.xsd" key="content">
<entry key="version" type="xint" value="1"/>
<entry key="port_spec_class" type="xstring" value="org.knime.xgboost.core.model.XGBModelPortObjectSpec"/>
<entry key="port_object_class" type="xstring" value="org.knime.xgboost.core.model.XGBModelPortObject"/>
<config key="filestores">
<entry key="handlerUUID" type="xstring" value="0a23f6ca-bc21-4079-ba2c-85d8bf7f5f34"/>
<config key="port_file_store_keys">
<config key="filestore_key_0">
<entry key="storeUUID" type="xstring" value="0a23f6ca-bc21-4079-ba2c-85d8bf7f5f34"/>
<entry key="index" type="xint" value="0"/>
<entry key="name" type="xstring" value="0_6d1018d7-daaa-49c3-b3f5-da0f2c341e3a"/>
<entry key="iterationIndex" type="xint" value="-1"/>
</config>
</config>
</config>
</config>
