<?xml version="1.0" encoding="UTF-8"?>
<config xmlns="http://www.knime.org/2008/09/XMLConfig" xmlns:xsi="http://www.w3.org/2001/XMLSchema-instance" xsi:schemaLocation="http://www.knime.org/2008/09/XMLConfig http://www.knime.org/XMLConfig_2008_09.xsd" key="content">
<entry key="version" type="xint" value="1"/>
<entry key="port_spec_class" type="xstring" value="org.knime.xgboost.core.model.XGBModelPortObjectSpec"/>
<entry key="port_object_class" type="xstring" value="org.knime.xgboost.core.model.XGBModelPortObject"/>
<config key="filestores">
<entry key="handlerUUID" type="xstring" value="9c912828-ac0a-4fba-924b-c07c6efce5ed"/>
<config key="port_file_store_keys">
<config key="filestore_key_0">
<entry key="storeUUID" type="xstring" value="9c912828-ac0a-4fba-924b-c07c6efce5ed"/>
<entry key="index" type="xint" value="0"/>
<entry key="name" type="xstring" value="0_eea6c447-24fc-4467-8f9f-a3149a463d7a"/>
<entry key="iterationIndex" type="xint" value="-1"/>
</config>
</config>
</config>
</config>
